채용사이트명,채용사이트_공고id,직무_대분류,직무_소분류,경력사항,회사명,근무지역(회사주소),회사로고이미지,공고제목,공고본문_타입,공고본문_raw,공고출처url,모집시작일,모집마감일,공고게시일
직행,580cd248-86db-4741-8503-2edd62dbb414,0,임시,FOUR [SEP] FIVE [SEP] THREE,두나무,"서울특별시 강남구 테헤란로 427, 15층(삼성동, 삼성빌딩)",https://d2juy7qzamcf56.cloudfront.net/2024-10-01/c9f8e2b8-8e31-4d2b-9ca3-cc14f087d3ed.png,Python Backend Engineer,hybrid,"{'img': 'https://d2juy7qzamcf56.cloudfront.net/2025-02-18/ef06bd73-539a-4d03-98bc-b240ab472632.png', 'text': 'PythonBackendEngineer2025.02.18조직소개우리조직은두나무내의여러조직들과연계해고객들에게양질의서비스를제공합니다.업비트 내다양한도메인에서생성된데이터들을활용하여,고객들의니즈를충족하는서비스를Python(Django)으로개발합니다.·다양한도메인에서생성된데이터들을가공하여유저에게필요한API를개발하여서비스합니다.·기획,, 개발,데이터엔지니어,재무,마케팅부서등굉장히다양한직군과소통하며서비스를만들어갑니다.·운영효율,개발최적화를위하여다양한요구사항을분석하고문제를해결합니다.새로운도전과성장을할백엔드개발자가필요합니다.주요업무·업비트증명서발급시스템개발.각종증명서를다양한문서포맷으로고객들에게제공합니다.증명서의내용이많을때더효율적으로처리할수있는방법에대해고민하며,고객들이신뢰할수있는정보를만듭니다.·수익률및업비트투자메이저리그개발.업비트의각종수익률과관련된서비스들을담당하며,매일매일업데이트되는데이터를 더빠르고정확하게고객에게전달하는방법에대해고민합니다.·가상자산과세관련서비스개발.고객의거래내역을활용하여세금과관련된정보들을수집하고,계산하여,제공하는역할을하고있습니다.·이벤트서비스개발.고객들에게혜택을줄수있는각종이벤트를구체화하고서비스화하는일을하고있습니다.·외부서비스연동개발.해외입출금,신분증진위여부,사본판별등업비트를위한외부서비스연동에대한개발을하고있습니다.자격요건·3~7년의백엔드엔지니어링업무경험을보유하신 분·인프라(OS,네트워크,컨테이너환경등)에대한높은이해가있으신 분·데이터Pipeline을구성하고,효율적으로데이터를처리및설계한경험이있으신 분·서비스를안정적으로운영하기위한모니터링및장애대응경험이있으신 분우대사항·여러부서와의협업과커뮤니케이션이원활하신분·OLTP(OnlineTransaction Processing,유저향서비스)뿐만아니라OLAP(OnlineAnalyticalProcessing,데이터분석)에대한이해가있으신 분·투자(주식,가상자산등)및과세 등 금융분야에대한이해와관심이있으신분·방대한데이터를검토하고outlier들을찾아내는끈질김이있으신분기타사항·이력서에는실제경험한프로젝트 를필수로기재해주셔야하며,본인이어떤방식으로,어떻게기여했는지상세히기술해주시면검토하는데에도움이됩니다.(예시:시스템장애경험,개발과정등프로젝트수행시핵심적이었던부분)·Github,Gitlab,BitBucket등참고할만한링크가있다면첨부해주셔도좋습니다.·채용전형의모든과정에있어전/현직직장의영업비밀을침해하지않도록유의해주시기바랍니다.·이력서는자유양식이며,과거휴직사실이있는경우해당기간과사유를상세히기재해주시기바랍니다.·주민번호,현재연봉및희망연봉등의민감개인정보는삭제또는마스킹후제출해주시기바랍니다.공통지원자격·해외여행에결격사유가없으신 분채용절차·서류전형→1차면접→ 2차면접→처우협의→최종합격전형은상황및일정에따라변경될수있습니다.지원서내용중허위사실이있는경우에는지원이취소될수있습니다.국가 유공자및장애인등 취업보호대상자는관계법령에따라우대합니다.최종전형전에인성검사를진행합니다.본 포지션에합격하시는경우, 3개월의수습기간을적용합니다.채용정보·채용인원 :0명·고용형태:정규직·채용유형:경력직·근무지역:서울시서초구강남대로 369,DFTower·공고기간 :상시채용(채용완료시조기에마감될수있습니다.)지원방법·포지션지원바로가기(주민번호,현재및희망연봉등의민감개인정보는삭제후제출요망)두나무 소개·두나무가 이직하기좋은기업인이유-image-0'}",https://www.dunamu.com/careers/jobs/1101,2025-02-18 20:13,,2025-02-19 18:46
직행,f836d5d6-ae14-43ee-9d5e-c0ef985e7d75,0,임시,TWO [SEP] THREE,토스뱅크,"서울특별시 강남구 테헤란로 128, 5층(역삼동, 토스뱅크타워)",https://d2juy7qzamcf56.cloudfront.net/2025-01-14/05525a97-f2f5-4846-9697-e10bfcd4858b.png,Finance(ALM) Developer,hybrid,"{'img': 'https://d2juy7qzamcf56.cloudfront.net/2025-02-14/b1fc9a0b-e8ff-40a7-a98a-d4ee2681d336.png', 'text': 'Finance(ALM)Developer토스뱅크 소속정규직합류하게될팀에대해알려드려요토스뱅크의DataDivision의재무전담IT(가칭) 속할예정이에요.Data Division팀에는Risk Platform,DataPlatform,ML Platform,DataWarehouse등여러팀이속해있고서로긴밀히협업하고있어요.합류하면함께할업무예요재무ALM 현업팀과긴밀한 커뮤니케이션을통해ALM시스템을개발하고운영해요.ALM 마트,재무시뮬레이션 등설계및 구축하고운영을하실예정이에요.이런분과함께하고싶어요금융권에서 리스크ALM산출시스템 관리의업무경험이있는분이필요해요.PythonorJava의언어로주어진비즈니스로직을구현할수 있는분이필요해요.SQL의언어를자유롭게 다룰수있는분이필요해요.리스크 마트설계/배치스케줄링을구축하고 운영하신분이필요해요.Frontend/Backend기술을활용해리스트관리시스템 개발이가능하신분이필요해요.Hadoop-Ecosystem환경의데이터처리기술활용경험이있으면 더좋아요.이력서는이렇게작성하시는걸추천해요지원서에는아래 3가지사항중2가지이상포함해주세요.서류전형검토의중요한자료로활용됩니다.업무에서반복적으로발생하는문제를해결하기위해자동화했거나,기존과 다른방식으로 문제를해결한사례를하나만작성해주세요.최근개발한코드 중 기억에남는사례를하나만작성해주세요..(난이도,복잡도 높은프로그램 위주로소개)최근새로운기술에대해깊이있게학습한경험을작성해주세요.토스뱅크로의합류여정서류접수 > 직무인터뷰>문화적합성인터뷰>레퍼런스체크>처우협의>최종합격및 입사꼭 확인해주세요이력서 및제출서류에허위사실이발견되거나 근무이력중징계사항이확인될경우,채용이취소될수 있어요.토스뱅크취업규칙제8조(채용결격)에따라결격사유해당자는채용이취소될 수있어요.함께할동료를위한한마디""시스템체계를직접만들어 나갈수있어요!""토스뱅크에 합류하기 전에도RDW 마트구축 및ALM 산출시스템을관리했었습니다.업무를수행하는환경이나 개발툴이 크게 달라지지는않았지만,리스크 산출시스템을 단순 운영하는것이 아닌산출시스템체계를직접 만들어 나갈수 있다는점이차이가 있습니다.리스크ALM 산출시스템관련경력이있으시다면,재무ALM 시스템체계를만들어볼수있는 기회에합류해보시는 건 어떠실까요?뛰어난동료들과 함께재무관리 산출시스템을관리하고체계를만들어나갈동료분을기다리고 있어요!더 알아보기SL/SH23은행 데이터플랫폼000 tes오픈소스로전환하기김용휘DataPlatformTeamLeader은행데이터플랫폼오픈소스로 전환하기네이버를 운영할 수 있는 방을 소개합니다.SLASH 22토스에서는테이블정보를어떻게관리하나요?윤아서토스에서는테이블정보를 어떻게관리하나요?서비스가 성장하면서 만들어지는 디양한 데이터와수많은 테이블을 효율적으로 관리히고 활용하는 방법을공유합니다.토스데이터의SL/SH21흐름과 활용유결토스 데이터의흐름과활용토스의 데이터 흐름과 활용 방법,그리고 용도에 따라 어떤 플랫폼을활용하는지를 공유합니다.전체 채용공고 목록으로 돌아가기-image-0'}",https://toss.im/career/job-detail?job_id=6434513003,2025-02-15 01:55,,2025-02-19 18:46
직행,2677150c-c774-4b8d-bfbd-a014bc09d324,0,임시,ONE [SEP] ZERO [SEP] TWO,에버엑스,"서울특별시 강남구 테헤란로 123, 7층(삼성동, 에버빌딩)",https://d2juy7qzamcf56.cloudfront.net/2025-02-05/026ec9f8-2db1-48d3-9eb0-070039e12550.webp,리서치 엔지니어,hybrid,"{'img': 'https://d2juy7qzamcf56.cloudfront.net/2025-02-14/55b2917e-1dce-4cc8-91a2-df2d9a193df4.png', 'text': 'EEverExAI리서치엔지니어·무관NEW스킬Python주요업무·리서치사이언티스트와의협력을통한연구가설의설정및실험수행·최신Vision-LanguageModel및HumanMotion-to-TextModel의구현,학습및검증.·실험결과의시각화및학술지작성.·소프트웨어엔지니어와의협력을통한제품화과정기여.자격요건·컴퓨터과학,인공지능,혹은유관분야에서의석사학위이상보유혹은취득예정인분.·인공지능분야컨퍼런스학술지작성참여경험이있으신 분.·해외출장및근무에결격사유가없는분.우대사항·주요컴퓨터비전학회(CVPR,ICCV.ECCV등)또는인공지능학회(NeurIPS,ICLR,ICML)에연구를주저자로게재한경험이있는분.·Vision-LanguageModel,HumanMotion-to-Text관련연구를수행한경험이있는분.·빠른연구동향을따라잡고새로운실험을수행하는것에능동적인 분.·효율적인개발을위한기본기와역량(자료구조,알고리즘에대한지식등)을보유하신 분.에버엑스서울서초구56명20명#헬스케어#모라#재활#관절근거기반3,000개의재활운동동작활용플랫폼-image-0'}",https://groupby.kr/positions/2393,2025-02-15 08:56,,2025-02-19 17:52
직행,6f4a9f2c-520e-4a40-a8cd-3694f3a5efcc,0,임시,ZERO,코코네엠(coconeM),,https://d2juy7qzamcf56.cloudfront.net/2025-02-19/6673a7c2-e609-4d71-9067-b58944e9d774.png,AI Engineer (병특 전문연구요원가능),text,"직무AI Engineer (병특 전문연구요원가능)포지션 상세우리가 그리는 세상은 단 하나, Identity in Avatar Metaverse “아바타로 살아가는 메타버스에서의 ‘나’ 코코네 서비스는 ‘현실세계와는 또다른 메타버스 세계 속 나를 만난다’는 가치가 있어요.새로운 세계에 들어간 내가 그곳에서 나의 정체성을 만들어가고그 안에서 새로운 사람들을 만나 관계를 형성해 가죠.코코네에의 16개 라이브 서비스들은 각각의 세계관과 특징을 가지고 세상에 없던 새로운 디지털 월드를 만들어 선물하고 있어요![AI 팀을 소개합니다!]Cocone AI 팀은 AI 를 이용해 고객들에게 새로운 경험을 선사하고, 회사 내부 프로세스의 효율성을 향상시키는 것을 목표로 하는 팀입니다. Generative AI Model 를 사용해 Image, Video, Audio, Text등의 멀티미디어 컨텐츠의 제작을 하고 있으며, LLM 과 AI framework 을 사용해 회사내 다양한 프로세스를 개선하고 새롭게 구축하고 있습니다. 항상 호기심을 가지고 새로운 AI 트랜드를 탐구하고 이를 어떻게 활용할지 끊임없이 연구하고 도전해 나가는 팀입니다.*우리는 이런 동료와 함께 일하고 싶어요!1. 내가 하는 일에 자부심이 있고 즐기면서 하는 분2. 본인의 분야에서 자신감이 있고 발전할 의지가 있는 분3. 적극적으로 업무에 임하실 수 있는 분4. 팀원들과 배려심을 가지고 커뮤니케이션 할 수 있는 분5. 경직되어있지 않고 열린 사고를 가지신 분주요업무[기술스택]-Language - Python -Framework - Pytorch, Tensorflow, Keras, onnx, Langchain, Langgraph-Infra - AWS, GCP, Kubernetes, Docker, Github-Diffusion 기반 generative AI model 을 통한 Image, Video 생성 모델 서비스 구축-공개된 상업용 AI API 활용을 통한 서비스 구현-새로운 AI trend 에 대한 연구 및 활용자격요건컴퓨터과학/데이터사이언스 전공자 또는 AI/ML 관련 전문 지식 보유자* 신입/전문연구요원은 석사 이상 필수-Python, Pytorch, Tensorflow, Keras 등 AI 개발 도구 활용 경험-아래 조건 중 1개 이상 해당하는 분 * Diffusion 기반 generative AI model 을 사용한 서비스를 구축해 보았거나 하실 수 있는 분* 그 외에 다양한 AI/ML 분야에 3년이상의 경험이 있으신분우대사항-AI / ML 조직 리딩 경험-DevOps 엔지니어링 경험-AI / ML 을 활용한 서비스 구축 및 운영 경험-AI / ML / 데이터사이언스 분야 석,박사 학위자 또는 그에 준하는 경력자-비지니스 레벨의 일본어, 영어 구사가 가능한 분혜택 및 복지Merit | 코코네M만이 드릴 수 있는 혜택과 제도-사내 부속 의원 전문 의료진의 전담 진료-번아웃 안돼! 5년마다 1개월 리프레시 유급 휴가-한 시간도 소중하니까, 시간 단위 연차 사용 제도-특별한 날은 더 특별하게, 생일/기념일 휴가 제공-지갑도 마음도 풍족한 급여일은 점심시간 2시간-언제나 든든한 반값 스낵바",https://www.wanted.co.kr/wd/255120?client_id=ubRphx9ewFwQvQV3kyJjjFSp,2025-02-19 16:02,,2025-02-19 17:51
직행,8f146752-2782-49b6-89bc-b0e56480b6b9,0,임시,FIVE [SEP] FOUR [SEP] NINE [SEP] ONE [SEP] TWO [SEP] EIGHT [SEP] SEVEN [SEP] SIX [SEP] TEN [SEP] THREE,무한정보기술,,https://d2juy7qzamcf56.cloudfront.net/2025-02-19/1de8decf-ed43-45f2-9e35-7afd8a56878f.jpg,인공지능(AI) 연구원,text,"직무인공지능(AI) 연구원포지션 상세㈜무한정보기술은 2015년에 설립된 회사로 고용노동부에서 선정한 강소기업입니다. 서울 영등포구 당산로2길 12 (문래동3가, 에이스테크노타워)에 위치하고 있으며, 인공지능, 드론, 빅데이터 등 첨단IT기술 융합서비스를 통한 지능형 공간정보 서비스 사업을 하고 있습니다.주요업무• 드론영상, 항공영상 및 위성영상으로부터 Image Processing, Object Detection 및 Image Segmentation 기술을 활용하여 Computer vision 분야 기술개발• ML Model Seving, ML Experiment Management• 최신 딥러닝 알고리즘 연구자격요건• 학력 : 4년제 관련학부 졸업 이상• 경력 : 관련분야 1년 이상• 딥러닝 프레임워크 활용가능자우대사항• 관련분야 연구소 근무경력이 있으신 분• 관련학과 석사학위 이상이신 분• 경진대회 참여경험 및 수상실적 있으신 분• 관련분야 논문 개제실적이 있으신 분• 데이터 분석 또는 통계 분석 가능하신 분혜택 및 복지• 인센티브 : 회사의 수익을 구성원 모두와 함께 공유• 생일축하금 : 기분 좋은 생일을 위한 소소한 즐거움• 자기계발비 지원 : 문화생활, 취미, 스포츠 등 자기계발비 지원• 도서 및 온라인 강의 지원 : 레벨 업을 위한 도서/강의 신청• 사내 세미나/스터디 : 관심있는 분야에서 함께 성장 • 교육비 지원 : 외부 교육비/본인 대학원 진학비 지원• 커피머신 : 맛있는 아메리카노를 마음껏 (+얼음 무제한)• 리조트 회원권 : 제휴된 국내 휴양시설 할인가로 이용 가능• 경조사 : 기쁨도 슬픔도 함께 경조지원금 지원• 명절 상여 : 선물과 떡값 받고 즐거운 연휴• 사원 포상 제도 : 우수사원, 장기근속자 포상으로 의욕 상승• 휴게실 지원 : 안마 의자와 함께 즐기는 잠깐의 여유• 복지포인트 제도 : 절세로 작지만 알차게",https://www.wanted.co.kr/wd/267032?client_id=ubRphx9ewFwQvQV3kyJjjFSp,2025-02-19 08:06,2025-03-10 23:59,2025-02-19 17:51
직행,935b0370-3083-4691-8bf9-40f030b66723,0,임시,TWO,페이히어,"서울특별시 강남구 테헤란로 300, 5층(대치동, 페이히어 빌딩)",https://d2juy7qzamcf56.cloudfront.net/2024-10-07/3aca47e7-f8a1-41c0-8983-b0c3066b8c58.png,데이터 엔지니어,text,"직무데이터 엔지니어포지션 상세[페이히어는 ‘매장의 새로운 미래’를 만들고 있습니다.]오프라인 결제와 매장의 중심에 있는 포스기(POS)는 지난 20년간 변화가 없었습니다.하지만, 페이히어는 다양한 기기에서 자유롭게 사용할 수 있는국내 최초 클라우드 기반 포스(POS) 서비스를 통해, 매장의 풍경을 혁신했습니다.페이히어는 단순한 포스를 넘어 예약, 배달, 주문, 결제, 고객 관리 등 매장 운영 통합 솔루션을 제공하여 사장님과 소비자에게 새로운 경험을 제공합니다.이러한 혁신적인 접근 덕분에 페이히어는 업계 최다 매장에서 사용되고 있으며,포브스 아시아 100대 유망 기업에 선정되었습니다. 또한, 굿워터캐피탈 등 실리콘밸리 VC를 포함한 유수의 투자사로부터 누적 500억원의 투자를 유치했습니다.1인 사업자부터 대형 프랜차이즈까지, 다양한 업종에서 빠르게 성장하는 페이히어는고객의 고민을 해결하고 가맹점과 함께 성장하는 서비스를 만듭니다.페이히어만의 방식으로 매장의 새로운 미래를 그리며,매장 경영과 소비자 경험을 혁신하는 여정에 함께할 멋진 동료를 기다립니다.페이히어와 함께 매장의 미래를 만들어 갈 준비가 되셨나요?[Egineering 팀을 소개합니다.]데이터 엔지니어(Data Engineer)는 Engineering 팀에 속하게 되며, Engineering 팀은 고객 및 전사 임직원이 이용하는 인프라의 운영을 책임지고 있습니다. 안정적이고 탄탄한 인프라 설계를 위해 근거에 기반한 문제 해결을 지향합니다.[이런 경험을 할 수 있어요]• 우리는 고객의 불편함을 신속하게 해결하기 위해 논리적인 사고와 기민한 움직임으로 치열한 일상을 보냅니다. 문제를 명확히 정의하고 주어진 기간 내 달성하기 위한 노력을 반복하여 성장을 위한 모멘텀을 만듭니다.• 주어진 과제를 달성하기 위한 최적의 방법을 찾아내기 위해 끊임없이 사고하고 토론하는 분위기를 지향합니다. 우리의 일상은 고객 만족을 통한 제품 성장은 물론 각 구성원이 성장할 수 있는 환경을 지향합니다. 함께 이런 분위기를 만들어나갈 수 있는 분을 기다리고 있습니다.[사용 툴]• Slack으로 동료들과 커뮤니케이션합니다.• Notion으로 문서와 사내 정보를 정리합니다.주요업무• 다양한 팀/직군의 구성원들이 데이터 분석을 할 수 있는 플랫폼을 개발/운영 합니다.• 대용량 데이터 처리를 위한 데이터 파이프라인을 설계 및 운영합니다.• 데이터베이스 운영 효율화를 위한 자동화 플랫폼을 개발/운영합니다.자격요건• SQL 및 Python 언어(pandas, numpy)를 사용한 프로그래밍 경험이 2년 이상이신 분을 찾습니다.• 퍼블릭 클라우드(AWS, GCP, Azure 중 1개 이상) 사용 경험이 1년 이상이신 분을 찾습니다.• MySQL 5.7 이상의 데이터베이스 사용 경험이 1년 이상이신 분을 찾습니다.우대사항• CDC (Change Data Capture) 파이프라인 운영 경험이 있으면 더욱 좋습니다.• AWS 및 GCP 클라우드 기반의 데이터 파이프라인 설계 경험이 있으면 더욱 좋습니다.• 1년 이상 혹은 그에 준하는 대용량 데이터 처리 시스템 설계 및 운영 경험이 있으면 더욱 좋습니다.혜택 및 복지[페이히어 근무 환경]• 오전 8시~11시 사이에 자율적으로 출퇴근합니다.• 별도의 승인 절차가 없는 자율 휴가제를 운영하고 있습니다.• 데일리 미팅, 스프린트 및 회고, 타운홀 미팅 등을 주기적으로 진행합니다.• 업무에 필요한 고급 장비를 제공합니다.[페이히어와 함께하는 성장]• 자기 계발 및 성장을 위한 도서 구매를 지원해 드립니다.• 회사 뿐만 아니라 개인도 성장할 수 있는, 주도적인 업무 환경과 성장 기회를 제공합니다.",https://www.wanted.co.kr/wd/267167?client_id=ubRphx9ewFwQvQV3kyJjjFSp,2025-02-19 16:03,,2025-02-19 17:50
직행,13dcb5c0-2048-45a6-a080-3d2bf1dc59c1,0,임시,FIVE [SEP] FOUR [SEP] NINE [SEP] TWO [SEP] EIGHT [SEP] SEVEN [SEP] SIX [SEP] TEN [SEP] THREE,업스테이지,경기도 용인시 수지구 광교중앙로 338 8층 821호 (광교우미뉴브 에이동),https://d2juy7qzamcf56.cloudfront.net/2024-09-08/547a3458-cf99-47ff-973c-91ed24232f38.png,AI Model Production (Document AI),text,"직무AI Model Production (Document AI)포지션 상세업스테이지는 AI 기술을 활용하여 비즈니스 문제를 해결하는 데 주력하고 있습니다. “Making AI Beneficial” 이라는 비전과 “Artificial General Intelligence (AGI) for Work” 라는 미션을 바탕으로, 단순한 업무 자동화를 넘어서 복잡한 의사결정 지원 및 비용 절감을 통해 기업의 생산성을 증진시킬 수 있는 AI 솔루션 개발에 착수하고 있습니다. 이를 통해 우리는 업무 처리 방식을 혁신하고 기업들이 더욱 효율적으로 성장할 수 있도록 지원합니다.업스테이지는 누구나 AI 기술의 혜택을 누릴 수 있도록 “적용이 쉬운 AI 솔루션“을 만들고 있습니다. 세계 최고 수준의 AI 모델을 다양한 분야에서 손쉽게 활용할 수 있는 API 시리즈를 출시하여 기업 고객들의 비즈니스 성공에 기여하고 있습니다. 또한 LLM 기술을 비즈니스 환경에 맞게 최적화해 기업들의 업무 효율과 생산성을 높일 수 있는 Private LLM 서비스를 제공하는 등 AI가 세상에 이롭게 쓰이게 하기 위해 노력하고 있습니다. 그 중에서 업스테이지 Document AI는 세계 최고 수준의 OCR 및 정보추출 기술력을 바탕으로 한 제품으로, AI를 통해 번거로운 문서 처리를 자동화하고 효율화하겠다는 목표를 가지고 있습니다.업스테이지 AI Model Production 담당자는 고객과 직접적인 관계를 맺으며, 고객이 AI 팩을 활용하는 과정에서 어려움에 봉착한 경우에 가이드하는 역할을 합니다. 또한 고객의 니즈를 가장 가까운 곳에서 들을 수 있는 동시에 프로덕트를 성공시키기 위한 핵심적인 역할입니다. 특히 고객과의 접점이 필수적인 만큼 신뢰도 높은 관계를 구축하고, 다양한 요청사항에 대해 신속하게 대응하기 위해 고객사 파견 및 출장 등 면대면 협업의 비중이 큰 편입니다.주요업무주요 업무:• 고객사가 AI 기술을 성공적으로 도입할 수 있도록 기술 지원 (ex: 모델의 구현 방식과 결과에 대해 설명, proof of concept / bench mark test 리딩, 기타 기술 지원에 대한 협의)＞고객사 서버에 클러스터 및 AI 솔루션 설치＞고객사에 제공되는 모델의 Fine-tuning• 업스테이지 제품 개발팀, 비즈니스팀, 데이터팀, 모델링팀, 교육팀 등과 긴밀하게 협력근무 형태:• 정규직(필요시 국내외 고객사 파견/출장)자격요건• AI/ML에 대한 기본적인 이해와 관심 혹은 경험• Python, Java 등을 활용한 기초적인 스크립팅, 디버깅 경험• 다양한 OS(Ubuntu, Windows)의 기술적 이해 및 개발 경험• 기술적인 내용을 이해하기 쉽게 설명하는 능력• 원활한 협업에 필요한 탁월한 커뮤니케이션 역량우대사항• 빠른 기술 발전에 적응, 이해하고 설명할 수 있는 역량• 소프트웨어 엔지니어링 또는 AI 모델링 경력• IT 전략 수립 또는 고객사와 직접적으로 소통한 경험• 유관 업무 경력 2년 이상 보유혜택 및 복지업스테이지의 문화와 제도는 지금, 이순간에도 진화 중입니다.• Anywhere On Earth But Together 어디서 일하셔도 상관 없으며, 고객 미팅 및 사업부 논의 위해 주로 사용하시게 될 오프라인 오피스는 삼성역에 있습니다.• 원격근무에 필요한 장비를 500만원 예산 내에 자유롭게 선택하실 수 있습니다.• 근무를 위한 카페 이용 시 음료 비용, 스터디룸 혹은 공유오피스 이용 비용 등을 지원해드립니다.• 업무 관련 소프트웨어, 도서, 자료, 교육수강비 등 성장에 필요한 비용을 지원해드립니다.• 직장 단체보험 및 연 1회 종합건강검진을 지원해드립니다.",https://www.wanted.co.kr/wd/134824?client_id=ubRphx9ewFwQvQV3kyJjjFSp,2025-02-19 16:06,,2025-02-19 17:44
직행,54a20592-200b-49b9-92e7-d285ad5e9323,0,임시,IRRELEVANCE,업스테이지,경기도 용인시 수지구 광교중앙로 338 8층 821호 (광교우미뉴브 에이동),https://d2juy7qzamcf56.cloudfront.net/2024-09-08/547a3458-cf99-47ff-973c-91ed24232f38.png,AI Product Owner,text,"직무AI Product Owner포지션 상세업스테이지는 AI 기술을 활용하여 비즈니스 문제를 해결하는 데 주력하고 있습니다. “Building intelligence for the future of work” 라는 미션을 바탕으로, 단순한 업무 자동화를 넘어서 복잡한 의사결정 지원 및 비용 절감을 통해 기업의 생산성을 증진시킬 수 있는 AI 제품과 솔루션을 제공합니다. 이를 통해 우리는 업무 처리 방식을 혁신하고 기업들이 더욱 효율적으로 성장할 수 있도록 지원합니다.업스테이지는 누구나 AI 기술의 혜택을 누릴 수 있도록 “적용이 쉬운 AI 솔루션“을 만들고 있습니다. 세계 최고 수준의 AI 모델을 다양한 분야에서 손쉽게 활용할 수 있는 API 시리즈를 출시하여 기업 고객들의 비즈니스 성공에 기여하고 있습니다. 또한 LLM 기술을 비즈니스 환경에 맞게 최적화해 기업들의 업무 효율과 생산성을 높일 수 있는 Private LLM 서비스를 제공하는 등 AI가 세상에 이롭게 쓰이게 하기 위해 노력하고 있습니다. 그 중에서 업스테이지 Document AI는 세계 최고 수준의 OCR 및 정보추출 기술력을 바탕으로 한 제품으로, AI를 통해 번거로운 문서 처리를 자동화하고 효율화하겠다는 목표를 가지고 있습니다.업스테이지의 Product Owner는 AI 기술과 시장에 대한 깊은 이해를 바탕으로 제품의 비전과 전략을 수립하고, 유관 부서와 협업하여 AI 제품을 기획하고 지속적인 발전을 이끌어 제품을 성공으로 이끄는 임무를 수행합니다.주요업무• 제품 비전 및 전략 수립: 시장 트렌드 및 고객 니즈를 분석하여 제품 로드맵을 정의하고 실행합니다.• 제품 개발 리드: 제품에 대한 요구사항을 정의하고, 기능 기획 및 우선순위화를 수행합니다.• 고객 및 내부 이해관계자 협업: 고객 및 비즈니스팀과 협력하여 제품 개선 사항을 도출하고 피드백을 반영합니다.• 성공 지표 관리: 제품 KPI를 설정하고, 데이터 기반의 인사이트를 통해 제품 성과를 지속적으로 개선합니다.• 시장 및 경쟁 분석: 경쟁사 및 산업 동향을 조사하여 제품 포지셔닝 전략을 수립합니다.자격요건• 5년 이상의 AI 연구, 제품 기획 또는 개발 경험• 다양한 이해관계자와 효과적으로 협업할 수 있는 커뮤니케이션 능력• 고객 중심 사고 및 문제 해결 능력우대사항• AI 제품의 product owner 또는 product manager로서 제품의 성공을 견인해 본 경험• Python, C++ 등의 언어를 활용한 프로그래밍 능력 및 Linux/Shell 활용 능력• 뛰어난 외국어 소통 능력• 대규모 상용 AI 제품 개발 경험• 탑티어 AI 컨퍼런스(e.g. NeurIPS, ICML, ICLR, AAAI, CVPR, ICCV, ECCV, ACL, EMNLP, KDD, etc)에서 1저자 혹은 교신저자로 출판 기록• 국제 혹은 국내 AI 대회 (Kaggle 등) 상위권 입상혜택 및 복지업스테이지의 문화와 제도는 지금, 이순간에도 진화 중입니다.• Anywhere On Earth But Together 어디서 일하셔도 상관 없으며, 고객 미팅 및 사업부 논의 위해 주로 사용하시게 될 오프라인 오피스는 역삼역/삼성역에 있습니다.• 원격근무에 필요한 장비를 500만원 예산 내에 자유롭게 선택하실 수 있습니다.• 근무를 위한 카페 이용 시 음료 비용, 스터디룸 혹은 공유오피스 이용 비용 등을 지원해드립니다.• 업무 관련 소프트웨어, 도서, 자료, 교육수강비 등 성장에 필요한 비용을 지원해드립니다.• 직장 단체보험 및 연 1회 종합건강검진을 지원해드립니다.",https://www.wanted.co.kr/wd/267074?client_id=ubRphx9ewFwQvQV3kyJjjFSp,2025-02-19 16:07,,2025-02-19 17:39
직행,e2984798-0142-44f5-95a6-efd1cdb8c000,0,임시,FIVE [SEP] FOUR [SEP] NINE [SEP] EIGHT [SEP] SEVEN [SEP] SIX [SEP] TEN [SEP] THREE,업스테이지,경기도 용인시 수지구 광교중앙로 338 8층 821호 (광교우미뉴브 에이동),https://d2juy7qzamcf56.cloudfront.net/2024-09-08/547a3458-cf99-47ff-973c-91ed24232f38.png,Product Marketer,text,"직무Product Marketer포지션 상세업스테이지는 AI 기술을 활용하여 비즈니스 문제를 해결하는 데 주력하고 있습니다. “Building intelligence for the future of work” 라는 미션을 바탕으로, 단순한 업무 자동화를 넘어서 복잡한 의사결정 지원 및 비용 절감을 통해 기업의 생산성을 증진시킬 수 있는 AI 제품과 솔루션을 제공합니다. 이를 통해 우리는 업무 처리 방식을 혁신하고 기업들이 더욱 효율적으로 성장할 수 있도록 지원합니다.업스테이지는 누구나 AI 기술의 혜택을 누릴 수 있도록 “적용이 쉬운 AI 솔루션“을 만들고 있습니다. 세계 최고 수준의 AI 모델을 다양한 분야에서 손쉽게 활용할 수 있는 API 시리즈를 출시하여 기업 고객들의 비즈니스 성공에 기여하고 있습니다. 또한 LLM 기술을 비즈니스 환경에 맞게 최적화해 기업들의 업무 효율과 생산성을 높일 수 있는 Private LLM 서비스를 제공하는 등 AI가 세상에 이롭게 쓰이게 하기 위해 노력하고 있습니다. 그 중에서 업스테이지 Document AI는 세계 최고 수준의 OCR 및 정보추출 기술력을 바탕으로 한 제품으로, AI를 통해 번거로운 문서 처리를 자동화하고 효율화하겠다는 목표를 가지고 있습니다.업스테이지의 프로덕트 마케터는 제품의 가치를 효과적으로 전달하기 위한 메세지를 발굴해 콘텐츠를 개발하며, 전략적 소셜 미디어 캠페인을 기획 및 실행함으로써, 업스테이지의 AI 제품이 더 많은 사람들에게 도달하고 비즈니스 혁신을 이끌어갈 수 있도록 중요한 역할을 수행합니다.주요업무• 제품 가치를 효과적으로 전달할 수 있는 매력적인 콘텐츠를 개발합니다.＞제품 출시 및 업데이트를 위한 메시지와 에셋을 개발합니다.＞솔루션 브리프, 고객 성공 사례 등 대상 고객에 맞춘 콘텐츠를 제작합니다.• 주요 플랫폼에서 소셜 미디어 캠페인을 기획 및 실행하여 브랜드 및 제품 인지도를 높입니다.＞캠페인을 기획하고 실행하여 참여도와 가시성을 높입니다.＞데이터 기반 인사이트를 활용하여 캠페인 성과를 분석하고 전략을 최적화합니다.자격요건• AI 기술에 대한 높은 관심과 이해• 제품 가치를 다양한 대상에게 명확하고 설득력 있게 전달할 수 있는 스토리텔링 및 글쓰기 역량• 명확한 목표를 설정하고, 소셜 미디어 전략을 비즈니스 목표에 맞춰 실행할 수 있는 전략적 사고 능력• 다양한 팀과 효과적으로 협업할 수 있는 탁월한 커뮤니케이션 및 협업 능력• 뛰어난 외국어 소통 능력우대사항• B2B 소프트웨어 및 API 제품 마케팅 또는 디지털/소셜 마케팅 분야에경험이 있으신 분• 데이터 기반 의사결정 능력과 소셜 미디어 분석 도구를 활용한 성과 측정 및 리포팅 경험• 소셜 미디어를 성장시키고 참여를 유도한 경험이 있으신 분혜택 및 복지업스테이지의 문화와 제도는 지금, 이순간에도 진화 중입니다.• Anywhere On Earth But Together 어디서 일하셔도 상관 없으며, 고객 미팅 및 사업부 논의 위해 주로 사용하시게 될 오프라인 오피스는 역삼역/삼성역에 있습니다.• 원격근무에 필요한 장비를 500만원 예산 내에 자유롭게 선택하실 수 있습니다.• 근무를 위한 카페 이용 시 음료 비용, 스터디룸 혹은 공유오피스 이용 비용 등을 지원해드립니다.• 업무 관련 소프트웨어, 도서, 자료, 교육수강비 등 성장에 필요한 비용을 지원해드립니다.• 직장 단체보험 및 연 1회 종합건강검진을 지원해드립니다.",https://www.wanted.co.kr/wd/267076?client_id=ubRphx9ewFwQvQV3kyJjjFSp,2025-02-19 16:07,,2025-02-19 16:07
직행,95113768-9316-48ad-a735-cead32caf2fe,0,임시,THREE,우아한청년들,,https://d2juy7qzamcf56.cloudfront.net/company/default.svg,마케팅 데이터분석가(Business Analyst) (3년 이상),text,"직무마케팅 데이터분석가(Business Analyst) (3년 이상)포지션 상세| 우아한청년들은요?음식을 넘어 무엇이든 주문만 하면 원하는 곳에서 평균 30분 만에 전달받을 수 있는 '퀵커머스'의 세상.우아한청년들은 온라인 장보기 서비스 배민B마트와, 한집배달부터 알뜰배달까지 원하는 형태로 배달 받을 수 있는배민배달, 그리고 누구나 오토바이, 자전거, 자동차, 도보 등의 방법으로 배달할 수 있는 플랫폼 배민커넥트까지 우리 일상 속 배달 경험을 앞장서서 열어가고 있습니다. | 퍼널최적화팀은요?배민커넥트 플랫폼을 인지하고 가입하여 운행 후 이탈할 때까지 라이더의 여정을 정량화하고 마케팅 액션을 실행하는 팀입니다.다양한 가설을 세우고 지표를 개선함으로써 더 많은 사람들이 배민커넥트 플랫폼에 머물 수 있도록 고민해요.User Acquisition부터 Retention까지 함께할 마케팅 데이터 분석가를 찾습니다!주요업무• 광고 채널, 지역에 대한 라이더 획득 비용, 라이더 생애 가치 분석• 광고/프로모션 분석을 통한 마케팅 지표 개발• 채널/지역 별 퍼널, 코호트 분석 및 대시보드 설계• 의사결정을 위한 비즈니스 인사이트 도출 및 KPI 리포팅자격요건• 3년 이상 SQL을 활용한 데이터 분석 경험을 보유하신 분• 기초 통계 및 마케팅/프로모션에 대한 이해가 있으신 분• 데이터 분석 결과 기반으로 효과적인 개선활동 경험을 보유하신 분• 내/외부 다양한 구성원들과 빠르고 정확한 커뮤니케이션을 할 수 있는 분우대사항• O2O서비스 및 배달 부업 플랫폼에 대한 이해도가 높으신 분• 마케팅 캠페인 성과 및 비용에 대한 분석 경험이 있으신 분혜택 및 복지[우아한혜택 미리보기]• 일한 만큼 드립니다. 주 35시간 근무 초과시 분 단위로 지급되는 연장수당• 일할 땐 일하고, 쉴 땐 푹 쉬는 4.5일제! 월요일 오전은 쉬어요. • 매월 10만원의 업무 지원금 지급• 복지포인트 연 200만 포인트 제공• 자기 성장에 필요한 도서구입비 무제한 지원. 살까 말까 망설이지 마세요. • 가족까지 챙겨드리는 단체 상해보험 지원. 본인, 배우자, 자녀, 양가 부모님까지 실손보험 제공!• 집 걱정을 덜어드리는 주택자금 대출 이자 지원• 휴가에는 사유가 없습니다. 마음편하게 나눠 쓰세요 30분 단위로 쪼개서 사용하는 시간연차 제도!• 매주 경영진과 구성원이 자유롭게 의견을 나누는 소통의 장, 우수타!(우아한수다타임, 무엇이든 물어보세요!)• 관심과 애정으로 구성원을 챙기는 피플팀! 어디서도 볼 수 없는 차별화된 문화, 배민다움을 만들어갑니다.• 신나게 일하실 수 있도록 최신형 장비를 지원합니다. 맥북프로, 윈도우 노트북 선택 가능! (더 쾌적하게 사용하실 수 있도록 노트북은 2년마다 최신형으로 교체해드려요.)입사지원 안내사항• 채용프로세스 상 서류전형 이후부터는 우아한청년들 채용시스템을 통해서 면접전형이 진행됩니다. • 서류전형 합격 시 우아한청년들 인재영입 사이트 지원서 등록 절차가 진행됨을 사전에 안내드립니다. • 공정한 채용 전형 진행을 위해 번거로움을 드리는 점 너른 양해 부탁드립니다.",https://www.wanted.co.kr/wd/249214?client_id=ubRphx9ewFwQvQV3kyJjjFSp,2025-02-19 16:00,2025-02-22 23:59,2025-02-19 16:00
직행,3905e44b-1b82-4fb1-86bf-a6dded3208dd,0,임시,TWO,이노션,서울특별시 강남구 강남대로 308 랜드마크타워,https://d2juy7qzamcf56.cloudfront.net/2024-08-13/1a36c3db-0c6b-4542-afc7-10f92f846bea.png,Data Analyst,hybrid,"{'img': 'https://d2juy7qzamcf56.cloudfront.net/2025-02-19/388fa3a8-74ed-4aa5-bcc8-27f947d8b2bd.png', 'text': 'DataAnalyst채용 구분계약직채용 형태일반채용신입/경력신입/경력마감일2025.03.03 오후11:59모집분야구분직무연차근무지계약직 (1년)DataAnalyst경력1년 이상본사(서울)Data Analyst는데이터를기반으로고객사의비즈니스의사결정및방향수립에기여하고,실행을통해새로운가치를창출하는역할을합니다.고객사의비즈니스문제를해결하기위해데이터분석을통한인사이트를도출하고액션방향을제언합니다.단순히솔루션도입및운영업무에그치지않고비즈니스목표에맞춰주도적으로액션플랜을만들어나갑니다.업무내용1. 데이터기반프로젝트기획 / 성과분석및보고/관리2.데이터분석및제언(Media - Web - CRM 연계분석및비즈니스액션플랜 도출 )3.고객사및협업사와의프로젝트진행을위한커뮤니케이션및관리지원자격·학사이상·총경력1년이상데이터솔루션과다양한데이터소스의결합분석경험이있으신분(GoogleAnalytics4,SalesforceMarketingCloud,MobileAttributionSolution,etc)·분석기획및결과인사이트를논리적으로정리하고전달할수있는문서작성역량을갖추신분디지털마케팅기반의데이터프로젝트경험(구축,분석등)이있으신분·비즈니스영어가능자(문서작성)최종합격후,지정입사일에입사가능하신분해외출장에결격사유가없는분(남성의경우,회사가지정한입사일까지병역을마쳤거나면제되신분)우대사항·마케팅디지털플랫폼(앱,웹)및디지털캠페인(퍼포먼스광고등)에대한이해도가있으신분·데이터기반비즈니스가치정의및성과도출경험이있으신분·고객사및다양한협업부서와커뮤니케이션한경험이있으신분·데이터분석툴활용경험이있으신분(R,Python등)·데이터로가설을세우고분석을진행한경험이있으신분지원서접수.공고가게시된기간내접수(지원서는제출완료된건에한하여검토)이노션채용홈페이지의온라인입사지원서제출채용전형서류전형-면접전형-인성검사-처우협의-입사기타사항·상시채용특성상.전형일정이변동될수있습니다.·전형별합격자에한하여개별안내예정입니다..입사지원서기재사항또는제출서류중허위사실이있는경우합격이취소될수있습니다.전형대상자에한하여별도의증빙서류를요청할수있습니다.·취업보호대상자(장애,보훈등)는관계법령에의거하여우대합니다.·정상근무가불가능할경우,합격이취소되거나전형상불이익이있을수있습니다.INNOCEAN-image-0'}",https://innocean.recruiter.co.kr/career/jobs/46118,2025-02-19 12:07,2025-03-03 23:59,2025-02-19 12:07
직행,580cd248-86db-4741-8503-2edd62dbb414,0,임시,FOUR [SEP] FIVE [SEP] THREE,두나무,"서울특별시 강남구 테헤란로 427, 15층(삼성동, 삼성빌딩)",https://d2juy7qzamcf56.cloudfront.net/2024-10-01/c9f8e2b8-8e31-4d2b-9ca3-cc14f087d3ed.png,Python Backend Engineer,hybrid,"{'img': 'https://d2juy7qzamcf56.cloudfront.net/2025-02-18/ef06bd73-539a-4d03-98bc-b240ab472632.png', 'text': 'PythonBackendEngineer2025.02.18조직소개우리조직은두나무내의여러조직들과연계해고객들에게양질의서비스를제공합니다.업비트 내다양한도메인에서생성된데이터들을활용하여,고객들의니즈를충족하는서비스를Python(Django)으로개발합니다.·다양한도메인에서생성된데이터들을가공하여유저에게필요한API를개발하여서비스합니다.·기획,, 개발,데이터엔지니어,재무,마케팅부서등굉장히다양한직군과소통하며서비스를만들어갑니다.·운영효율,개발최적화를위하여다양한요구사항을분석하고문제를해결합니다.새로운도전과성장을할백엔드개발자가필요합니다.주요업무·업비트증명서발급시스템개발.각종증명서를다양한문서포맷으로고객들에게제공합니다.증명서의내용이많을때더효율적으로처리할수있는방법에대해고민하며,고객들이신뢰할수있는정보를만듭니다.·수익률및업비트투자메이저리그개발.업비트의각종수익률과관련된서비스들을담당하며,매일매일업데이트되는데이터를 더빠르고정확하게고객에게전달하는방법에대해고민합니다.·가상자산과세관련서비스개발.고객의거래내역을활용하여세금과관련된정보들을수집하고,계산하여,제공하는역할을하고있습니다.·이벤트서비스개발.고객들에게혜택을줄수있는각종이벤트를구체화하고서비스화하는일을하고있습니다.·외부서비스연동개발.해외입출금,신분증진위여부,사본판별등업비트를위한외부서비스연동에대한개발을하고있습니다.자격요건·3~7년의백엔드엔지니어링업무경험을보유하신 분·인프라(OS,네트워크,컨테이너환경등)에대한높은이해가있으신 분·데이터Pipeline을구성하고,효율적으로데이터를처리및설계한경험이있으신 분·서비스를안정적으로운영하기위한모니터링및장애대응경험이있으신 분우대사항·여러부서와의협업과커뮤니케이션이원활하신분·OLTP(OnlineTransaction Processing,유저향서비스)뿐만아니라OLAP(OnlineAnalyticalProcessing,데이터분석)에대한이해가있으신 분·투자(주식,가상자산등)및과세 등 금융분야에대한이해와관심이있으신분·방대한데이터를검토하고outlier들을찾아내는끈질김이있으신분기타사항·이력서에는실제경험한프로젝트 를필수로기재해주셔야하며,본인이어떤방식으로,어떻게기여했는지상세히기술해주시면검토하는데에도움이됩니다.(예시:시스템장애경험,개발과정등프로젝트수행시핵심적이었던부분)·Github,Gitlab,BitBucket등참고할만한링크가있다면첨부해주셔도좋습니다.·채용전형의모든과정에있어전/현직직장의영업비밀을침해하지않도록유의해주시기바랍니다.·이력서는자유양식이며,과거휴직사실이있는경우해당기간과사유를상세히기재해주시기바랍니다.·주민번호,현재연봉및희망연봉등의민감개인정보는삭제또는마스킹후제출해주시기바랍니다.공통지원자격·해외여행에결격사유가없으신 분채용절차·서류전형→1차면접→ 2차면접→처우협의→최종합격전형은상황및일정에따라변경될수있습니다.지원서내용중허위사실이있는경우에는지원이취소될수있습니다.국가 유공자및장애인등 취업보호대상자는관계법령에따라우대합니다.최종전형전에인성검사를진행합니다.본 포지션에합격하시는경우, 3개월의수습기간을적용합니다.채용정보·채용인원 :0명·고용형태:정규직·채용유형:경력직·근무지역:서울시서초구강남대로 369,DFTower·공고기간 :상시채용(채용완료시조기에마감될수있습니다.)지원방법·포지션지원바로가기(주민번호,현재및희망연봉등의민감개인정보는삭제후제출요망)두나무 소개·두나무가 이직하기좋은기업인이유-image-0'}",https://www.dunamu.com/careers/jobs/1101,2025-02-18 20:13,,2025-02-19 18:46
직행,f836d5d6-ae14-43ee-9d5e-c0ef985e7d75,0,임시,TWO [SEP] THREE,토스뱅크,"서울특별시 강남구 테헤란로 128, 5층(역삼동, 토스뱅크타워)",https://d2juy7qzamcf56.cloudfront.net/2025-01-14/05525a97-f2f5-4846-9697-e10bfcd4858b.png,Finance(ALM) Developer,hybrid,"{'img': 'https://d2juy7qzamcf56.cloudfront.net/2025-02-14/b1fc9a0b-e8ff-40a7-a98a-d4ee2681d336.png', 'text': 'Finance(ALM)Developer토스뱅크 소속정규직합류하게될팀에대해알려드려요토스뱅크의DataDivision의재무전담IT(가칭) 속할예정이에요.Data Division팀에는Risk Platform,DataPlatform,ML Platform,DataWarehouse등여러팀이속해있고서로긴밀히협업하고있어요.합류하면함께할업무예요재무ALM 현업팀과긴밀한 커뮤니케이션을통해ALM시스템을개발하고운영해요.ALM 마트,재무시뮬레이션 등설계및 구축하고운영을하실예정이에요.이런분과함께하고싶어요금융권에서 리스크ALM산출시스템 관리의업무경험이있는분이필요해요.PythonorJava의언어로주어진비즈니스로직을구현할수 있는분이필요해요.SQL의언어를자유롭게 다룰수있는분이필요해요.리스크 마트설계/배치스케줄링을구축하고 운영하신분이필요해요.Frontend/Backend기술을활용해리스트관리시스템 개발이가능하신분이필요해요.Hadoop-Ecosystem환경의데이터처리기술활용경험이있으면 더좋아요.이력서는이렇게작성하시는걸추천해요지원서에는아래 3가지사항중2가지이상포함해주세요.서류전형검토의중요한자료로활용됩니다.업무에서반복적으로발생하는문제를해결하기위해자동화했거나,기존과 다른방식으로 문제를해결한사례를하나만작성해주세요.최근개발한코드 중 기억에남는사례를하나만작성해주세요..(난이도,복잡도 높은프로그램 위주로소개)최근새로운기술에대해깊이있게학습한경험을작성해주세요.토스뱅크로의합류여정서류접수 > 직무인터뷰>문화적합성인터뷰>레퍼런스체크>처우협의>최종합격및 입사꼭 확인해주세요이력서 및제출서류에허위사실이발견되거나 근무이력중징계사항이확인될경우,채용이취소될수 있어요.토스뱅크취업규칙제8조(채용결격)에따라결격사유해당자는채용이취소될 수있어요.함께할동료를위한한마디""시스템체계를직접만들어 나갈수있어요!""토스뱅크에 합류하기 전에도RDW 마트구축 및ALM 산출시스템을관리했었습니다.업무를수행하는환경이나 개발툴이 크게 달라지지는않았지만,리스크 산출시스템을 단순 운영하는것이 아닌산출시스템체계를직접 만들어 나갈수 있다는점이차이가 있습니다.리스크ALM 산출시스템관련경력이있으시다면,재무ALM 시스템체계를만들어볼수있는 기회에합류해보시는 건 어떠실까요?뛰어난동료들과 함께재무관리 산출시스템을관리하고체계를만들어나갈동료분을기다리고 있어요!더 알아보기SL/SH23은행 데이터플랫폼000 tes오픈소스로전환하기김용휘DataPlatformTeamLeader은행데이터플랫폼오픈소스로 전환하기네이버를 운영할 수 있는 방을 소개합니다.SLASH 22토스에서는테이블정보를어떻게관리하나요?윤아서토스에서는테이블정보를 어떻게관리하나요?서비스가 성장하면서 만들어지는 디양한 데이터와수많은 테이블을 효율적으로 관리히고 활용하는 방법을공유합니다.토스데이터의SL/SH21흐름과 활용유결토스 데이터의흐름과활용토스의 데이터 흐름과 활용 방법,그리고 용도에 따라 어떤 플랫폼을활용하는지를 공유합니다.전체 채용공고 목록으로 돌아가기-image-0'}",https://toss.im/career/job-detail?job_id=6434513003,2025-02-15 01:55,,2025-02-19 18:46
직행,e8e213ca-d96c-4079-96e3-be6b79f8f980,0,임시,IRRELEVANCE,비즈니스캔버스,"서울특별시 마포구 상암동 123, 5층(비즈니스파크)",https://d2juy7qzamcf56.cloudfront.net/2024-10-25/acc2d936-445e-4c9c-8003-8604fc431045.png,프론트엔드 엔지니어 (인턴),hybrid,"{'img': 'https://d2juy7qzamcf56.cloudfront.net/2025-02-18/ee9d7f8a-af87-4995-86e5-e58d89c04bb0.png', 'text': 'BUSINESSRe:catchRe:catch 프론트엔드엔지니어 (인턴)PRODUCT개발경력 무관계약직비즈니스캔버스채용 시 마감MISSION""Do more with less.""리캐치의 시작은 회사 내부사이드 프로젝트였습니다.가장 늦게까지 남아 일하는 마케팅 팀과 세일즈팀의업무를 덜고 그들이 진짜 해야하는 중요한일에 집중할 수있게끔 돕고 싶었습니다.더 적은 리소스로 더 많은 결과를 낼수 있도록,그렇게 10X 그로스팀을 만드는 것이리캐치가 만들고 싶은미래입니다.기업은 고객에게 가치를 제공하고 이윤을창출하는 것이 목표입니다.아무리 좋은제품이나 서비스라도 고객에게 제대로 전달되지 않으면 의미가 없죠.그렇다고 마케팅과 세일즈 인력을 늘린다고 해결할 수 있는 문제도 아닙니다효율적이고 전략적인 방법이필요합니다.그래서 더 많은 기업들이 효율적으로효과적으로 더 많은 고객을 확보할 수있도록 리캐치를 만들고있습니다.리캐치는 이런 혁신을 꿈꿉니다 : 10X 마케팅팀과 세일즈팀을 만드는 일""10X 개발자"" 같은 개념은널리 퍼져 있습니다.반면, ""10X 마케터""나 ""10X세일즈맨""은 생소하죠.그 이유는 개개인의 역량을 떠나 그들을 뒷받침하는 도구가 부족하기때문입니다.리캐치는 이 3가지 영역을 혁신하는미래를 꿈꿉니다.반복적인 노동으로 획득하던 효용들을리캐치가 대신합니다.마케팅팀과 세일즈팀이 고객이라는 진짜본질에 집중할 수 있도록이요.2. 10배 이상의 퍼포먼스를 만들기 위해선개인의 노력만으로는 불가합니다.팀으로써 성과를 낼 수 있도록 고객정보를 자산화하고 파이프라인을관리하는 데 탁월한 제품으로나아갈 것입니다.아무리 뛰어난 제품이라도 사용하기 어린고 직관적이지 않으면 일이 즐겁지습니다.그래서 리캐치는 쉬운 사용성과직관성을 추구합니다.PRINCIPLESCustomer : 모든 의사결정의 첫 번째기준은 고객입니다.2. Action : 언제나 행동을 우선시합니다.3. Alignment : 공감하는 자세를지향합니다.4. Extra Mile :안주하지 않고 늘 한발 더 나아가야 합니다.5. ROI : 효율과 효과를 중시합니다.6. Together : 우리는 함께합니다.HOW WE WORK더 나은 방법을 찾기 위해 소통을 아끼지 않습니다.리캐치 개발팀은 단순히 코드만 잘 찌는 사람들이 아닙니다.누군가 지시했기 때문에 일하기 보다는,개발자 또한 제품에 대한 오너십을 가지고기획부터 배포까지 이모든 과정에 참여합니다.우리는 문제를 해결하기 위해 적극적인오버 커뮤니케이션을 지향합니다.소통을 통해 더 나은 방향으로 함께나아가고 싶은 분,유저에게 긍정적인 영향을 줄 수 있는좋은 제품을 함께 만들고 싶은 분이 겨신다면 언제든지 저희에게 목소리를들려주세요!더 작게 일하고, 더 작게 배포합니다.리캐치 개발팀은 더 작은 단위로 일을 나누고, 이를빠르게 배포하는 것을 중요시합니다.이를 위해 TBD만들어 사용하고 있으며,기능을 더 작게 나누어 구현하고 가5한 빠르게 이를 실제 환경에 배포함으로써 지속적인피드백을 받습니다.이러한 접근 방식은 리스크를 줄이면서도 유저 피드백을빠르게 반영할 수 있도록 합니다.PairProgramming,MobProgramming리캐치 개발팀은 협업을 중시합니다.필요에따라페어 프로그래밍(PairProgrammig)이나 몹 프로그래밍(MobProgramming)을 진행하며,여러 개발자가 한 팀이 되어 하나의 문제를해결하기 위해 노력합니다.이러한 협업 방식은 팀원 간의 지식 공유를증대시키고, 더 나은 코드 품질을 보장는 데 도움을 줍니다.함께 고민하고 소통하며 코드의 질을 높이고,복잡한 문제도 효과적으로 해결해 나갑니다.입사 절차서류전형 쭙과제전형 직직 면접 → 팀핏(Team-ft)- 처우 협의 - 최종 합격 - 입사(* 입사 절차는 상황에 따라 변동될수 있습니다.)주요 업무원서비스의 기능 개발, 리팩토링에 참여합니다.주기적인 기술 부채 청산 기간마다 더은은 프론트아키텍쳐에 대해 고민하고 실행합니다.Peer Review를 진행하며 팀원과 함께 성장합니다.디자이너와 함께 UI/UX에 대해 의견을나누고 개선해나갑니다.번들링, 트랜스파일, 린트 등 Tooling에 디한 개선을 통해 Front-end DX를 향상킵니다.핵심 기술 스택코어:React, TypeScript, Next.js상태관리:RxJS,Tanstack Query테스트:Vitest, Playwright, Storyb스타일링:Styled Components, AntDesign패키지 매니저: PNPMCI/CD:GithubActions, Turborepo이런 분을모시고싶어요문제를 주도적으로 찾아내며 개선해H는 끈질긴 문제해결 능력이 있는 분고객의 문제에 집중하고 복잡한 도메인을유연한 시스템으로 풀어내려고 하는마인드셋을 갖춘 분새로운 것을배우고, 배운 것을 공유하기 좋아하는 분개방적이고 긍정적인 마인드로 다른 팀원들의 의견을 수용하고, 개인이 아닌의 성장을 중요시하는 분(우대사항) 서비스의 전체적인 흐름을 이해하고 설계부터 운영까지 진행해본 분지원 시 참고사항이력서는 경험의 나열보다는 경험에서 이뤄낸 임팩트와배운 점을 기준으로 기술해주세요.지원자님의 역량을 더 많이 참고할 수있도록 Github 링크를 공유해주세요.그 밖에 개발 역량을 보여줄 수 있는 추가 지료가 있는 분은 제출해주세요.복리후생최적의 근무 환경을 제공해요노트북, 모니터 등 맞춤형 업무 장비 제공스파크플러스 공용공간 및 전지점자유롭게 이용 가능반반차(2시간)부터 사용 가능한 연차제도3시간 이내 유연근무제 활용 가능외근/야근 시 교통비 전액 지원든든한 복지혜택을 제공해요점심 및 야근 식비 인당 12,000원 지원원하는 간식 선택 신청 가능본인 종합건강검진 지원경조금 지급 및 경조 휴가 부여사내 추천을 통한 채용 시, 채용보상금 지급한계없는 성장을 지원해요도서, 강의, 세미나 등 업무 관련교육 지원사내 스터디 회식비 지원최고의 팀원과 함께하는 시간을 지원해요분기별 회식비 지원상시 커피챗/런치챗비 지원사내 동아리 지원금 월 5만원 지원컬쳐데이, 크리스마스파티 등사내 이벤트 진행사무실내안마의자및보드게임구비결과는 고객을 통해 증명할 것입니다.Recatch는 이 모든 여정의 시작입니다.문제에 대해 누구보다 치열하고 치밀하게고민하고, 해결하는 과정을 즐기는 분이라면 이곳은 세계를 무대로한 놀이터가 될 것입니다.함께 이거대하고 둥근 놀이터를 누비실새로운 팀원들을 기다립니다.-image-0'}",https://businesscanvas.ninehire.site/job_posting/mM3Pm0U8,2025-02-18 18:14,,2025-02-19 18:09
직행,c85a932f-877e-4e72-b873-52a0baa2b8db,0,임시,TWO [SEP] THREE,토스증권,"서울특별시 강남구 테헤란로 134, 9층(역삼동, 삼성타워)",https://d2juy7qzamcf56.cloudfront.net/2024-10-26/68d7890e-50f7-4c87-b241-a8935cd62625.png,Full Stack Developer (Node.js),hybrid,"{'img': 'https://d2juy7qzamcf56.cloudfront.net/2025-02-18/97bcf50e-1702-49c0-95fa-63fac0811ab4.png', 'text': 'FullStackDeveloper(Node.js)토스증권 소속정규직합류하게될팀에 대해알려드려요토스증권의 FullStackDeveloper(Node.js)는최고의모던웹아키텍처(ModuleFederation)를근간으로하는백오피스플랫폼과 기반제품을만들어요.증권팀을대상으로하는효율적인업무플랫폼을제공해모든팀원에게 가장영향력있는경험과 인사이트를제공하는팀이에요.최신 기술스택을활용해빠르고확장성있는애플리케이션을구현하고제공하며성장하는서비스의핵심적인역할을하는팀이에요.합류하면함께할업무예요Node.js기반의마이크로프론트엔드백오피스플랫폼을구축해요.업무자동화플랫폼을구축해요.팀에서 하는수작업,반복적인일,비효율적인일을모두자동화하거나플랫폼화하는일을해요.이런 분과함께하고싶어요Node.js백엔드개발및 운영경험이있는분과함께하고 싶어요.패키지매니저,webpack에대해구조적으로 이해하고있는분이필요해요.최신 라이브러리를활용한화면개발경험이있으면좋아요.Frontend,Backend설계및개발경험이필요해요.RESTAPI로여러서비스를연동해본경험이필요해요.기술트렌드를학습하여시스템에적용해본경험이있으면좋아요.업무자동화개발경험이필요해요.사용자의피드백을바탕으로한웹서비스개발경험이필요해요.이력서는이렇게작성하시는걸 추천해요기여한프로젝트를사례중심으로상세히기술해주세요.(본인의역할,사용했던기술스택,프로젝트전후개선된점 등)토스증권으로의합류여정서류접수 > 사전과제 >직무인터뷰>문화적합성인터뷰>레퍼런스체크>처우협의>최종합격 및입사꼭확인해 주세요이력서 및 제출서류에허위사실이발견되거나근무이력중 징계사항이확인될 경우,채용이취소될수있어요.토스증권 내규에따라채용금지자또는결격사유해당자는채용이취소될수있어요.더알아보기금융의 모든순간을자동화하는사람들,토스Node.js챕터를만나다토스앱 이용자들은 몇 번의 터치만드로도 복잡한 행정 절차를 손쉽게 끝낼수 있게 되었는데요.레퍼런스나 샘플코드 없이 대규모 시스템을운영하고 발전시켜 나간다는 점을 통해 끊임없는 성장을경험할수 있다고 구성원모두가 입을 모아 소개하는챕터,각 계열사를 대표한 5분의 Nodejs 개발자분들을만나보았어요SLASH 22금융의 모든순간을자동화할때까지TossCrazyActivation정세훈금융의 모든순간을자동화할때까지Toss CrazyActivation불편한 사용자 경험은 이제 그만.토스의 사용자라면생년월일,전화번호,이름과같은 정보를 반복해서 입력하지않도록 만든 웹 자동화 기술의 핵심아이디어를소개합니다.SLASH 22스크래핑으로우아한조회경험을만든방법김용성스크래핑으로우아한조회 경험을만든방법토스의 조회 서비스,사용해본 적 있나요? 마이더이터 이전,스크래핑으로개발한제품을 운영하면서 마주쳤던문제들과 해결 과정을 공유합니다.전체 채용공고 목록으로 돌이가기-image-0'}",https://toss.im/career/job-detail?job_id=6074220003,2025-02-18 22:24,,2025-02-19 18:00
직행,c68b678d-cd5c-4b0d-813f-e7d529d13bac,0,임시,FIVE [SEP] FOUR [SEP] SEVEN [SEP] SIX [SEP] THREE,퓨쳐스콜레,"서울특별시 강남구 테헤란로 123, 5층(역삼동, 미래융합빌딩)",https://d2juy7qzamcf56.cloudfront.net/2025-01-23/d1cbc64c-b587-41c0-88b1-fe9154bcac00.png,[라이브클래스] Back-end Engineer,text,"직무[라이브클래스] Back-end Engineer포지션 상세Mission : 우리는 지식으로 자신과 세상의 변화를 꿈꾸는 사람들을 연결합니다.Vision : 사는 곳이 배움의 기회를 제한하지 않는 세상을 만듭니다. [지식으로 세상을 연결하는 라이브클래스]우리는 위 미션을 바탕으로 비전을 이루기 위해 ‘라이브클래스’와 '라이브클래스Pro'를 만들고 있습니다. ‘라이브클래스’는 나만의 온라인 강의 사이트를 손쉽게 만들 수 있는 지식 비즈니스 플랫폼으로 사람들이 자신의 지식을 가장 쉽고 빠르게 판매할 수 있도록 돕습니다. '라이브클래스Pro'는 대규모의 챌린지 또는 코호트 교육을 하는 기업에 최적화된 플랫폼으로 전용 앱과 웹을 제공합니다.[국내 1위 지식 비즈니스 플랫폼, 라이브클래스]• 2만 여개의 고객사, 월 50만명이 사용하는 플랫폼• 창업 2년 만에 월 BEP 달성, 연 평균 500%의 거래액 성장 기록• 정부 지자체, 대학, 민간기관 등 100여곳의 기관에서 활용하는 라이브클래스• 70억 이상의 누적 투자 유치(뮤렉스파트너스, 티비티파트너스, HB인베스트먼트, 임팩트스퀘어 등)• 대한민국 대표 강사 김미경(MKYU)의 '미모리안' 등 각 분야별 1위 기업 및 지식 크리에이터들을 통한 성장[우리는 이렇게 일하고 성장해요.]1. 막연한 불안과 걱정 대신, 내가 바꿀 수 있는 것(영향력의 원)에 집중해요.2. 고객이 다섯을 원할 때, 열을 만족 시키기 위해 노력해요.3. 빠르게 실행하고, 데이터에 기반해 집요하게 개선해요.4. 최고의 서비스를 만들기 위해 한계를 두지 않고 지속적으로 성장해요.5. No라고 말하는 것을 두려워하지 않고, 결국 Yes를 이끌어 내요.6. 상대방을 존중하되, 대안을 가지고 솔직하게 소통해요.7. 미친 가속을 원하는 사람도, 워라밸을 원하는 사람도 상호 성장하는 문화를 만들어 가요.8. 현재 내가 누리는 것에 감사하며, 대접 받고 싶은 대로 먼저 실천해요.라이브클래스와 세상을 바꾸는 여정에 함께할 당신을 기다립니다.다양한 백그라운드의 멋진 팀원들과 협업하며 엄청난 성장을 약속드려요.주요업무퓨쳐스콜레 프로덕트팀에서 LiveKlass 서비스의 성장과 기술적인 혁신을 함께합니다.• LiveKlass 서비스 백엔드 시스템을 설계하고 개발합니다.• 프론트엔드 팀과 협업하여 확장 가능하고 성능이 뛰어난 시스템을 구축합니다.• AWS 클라우드 환경에서 서비스 개발, 모니터링, 운영을 수행하며 DevOps 문화를 함께 만들어갑니다.• Jira, Slack, Notion, Github 등의 협업 툴을 활용하여 비즈니스 팀과 지속적으로 협업합니다.새로운 기술과 방향성을 학습하고 문제 해결을 위해 함께 고민하고 협력합니다.자격요건다음 기술과 경험을 보유하신 분을 찾습니다.[Java & Spring Framework]• Java 8 이상 개발 경험• Spring Boot 기반의 웹 애플리케이션 개발 경험• Spring MVC, Spring Data JPA, Spring Security 등의 활용 능력[데이터베이스 (MariaDB)]• MariaDB(MySQL) 설계 및 최적화 경험• ORM(JPA, Hibernate) 활용 및 Native Query 튜닝 경험• 데이터 마이그레이션 및 백업/복구 경험[클라우드 & DevOps (AWS, Docker)]• AWS EC2, S3, RDS(MariaDB), Lambda, SQS, SNS 등의 서비스 활용 경험• Docker 컨테이너 및 Docker Compose 활용 경험• ECS, K8S 등 운영 및 구축 경험• CI/CD 파이프라인 구축 경험 (GitHub Actions, Jenkins 등)[기타 필수 기술]• RESTful API 설계 및 개발 경험• 대규모 트래픽을 고려한 시스템 설계 경험• Git을 활용한 협업 경험• 단위 테스트 및 통합 테스트 작성 경험 (JUnit, Mockito 등)• 프론트엔드 개발자, 기획자 등 타 직군과의 뎁스있 협업 경험우대사항다음 경험이 있으시면 더욱 좋습니다.[아키텍처 & 성능 최적화]• 마이크로서비스 아키텍처(MSA) 경험• 대용량 트래픽 처리 및 성능 최적화 경험• Redis, Kafka, RabbitMQ 등 메시징 시스템 활용 경험[운영 & 보안]• Kubernetes를 활용한 서비스 운영 경험• Spring Security 기반의 인증 및 인가 구현 경험• 서버 및 API 보안(OWASP Top 10) 고려한 개발 경험[기타 우대 사항]• TDD(Test-Driven Development) 경험• 대규모 프로젝트 또는 스타트업 경험• 코드 리뷰 및 개발 문화 개선에 대한 관심• 자체 서비스 개발 및 운영 경험혜택 및 복지• 성과에 대해서도 적극적으로 보상해요! 성과급, 스톡옵션 지급• 앞으로 오래 함께 일해요! 장기근속자(매 3년) 포상• 모든 동료들과 즐거운 시간을 보내요! 매주 금요일 성수동 맛집 탐방• 전사가 투명하게 소통해요! 달고나 타운홀 미팅(매월 2회)• 열심히 일했으니 재미있게 놀아요! 반기에 한 번 놀샵!• 한계를 두지 말고 성장해요! 도서비 100% 지원, 세미나 100% 지원, 사내 강의 교육 지원• 서로 존중하며 솔직하게 피드백해요! ‘영어 닉네임'으로 소통합니다.",https://www.wanted.co.kr/wd/267127?client_id=ubRphx9ewFwQvQV3kyJjjFSp,2025-02-19 16:02,,2025-02-19 17:49
직행,fede1e69-522e-4488-b76c-61ac0fe2d2ad,0,임시,IRRELEVANCE,코드,,https://d2juy7qzamcf56.cloudfront.net/2025-02-19/fca393e9-754d-4374-8dda-40e5a8d2c933.jpg,Junior Backend Engineer,text,"직무Junior Backend Engineer포지션 상세CODE는 국내 주요 가상자산 거래소 3사(빗썸, 코인원, 코빗)가 공동으로 설립한 국내 유일의 트래블 룰 컨소시엄입니다. 국제자금세탁방지기구(FATF) 및 규제기관의 기준에 부합하는 글로벌 트래블 룰 기준을 준수하고 있으며, 금융 감독 및 규제 기관에 대한 공동 대응과 회원사 간 파트너십을 통해 시너지를 창출하고 있습니다. 가상자산 서비스 사업자(VASP)들에게 특화된 기술 노하우를 바탕으로 쉽고 안정적인 운영 환경을 제공하고, 회원사들에게 원활한 커뮤니케이션과 기술 지원을 제공합니다.Junior Backend Developer로서 Java, Kotlin 기반의 백엔드 시스템을 개발하고 유지보수하는 역할을 맡게 됩니다.주요업무• Java, Kotlin를 활용한 백엔드 시스템 개발 및 유지보수• 컴플라이언스 요구사항을 준수하여 시스템 설계 및 구현• 효율적이고 안정적인 시스템 구축을 위한 코드 최적화자격요건• 컴퓨터 공학 또는 관련 분야의 학사 학위• Java 프로그래밍 언어에 대한 기본적인 이해• 백엔드 개발에 대한 열정과 학습 의지• RESTful API에 대한 이해가 있으신 분우대사항• Java 기반의 프레임워크 사용 경험 (Springboot)• 팀 협업 및 커뮤니케이션 능력• 가상자산, 블록체인에 대한 관심이 있으신 분• 영어 능력 우수자혜택 및 복지• 선택 근무 시간제• 4대보험, 퇴직금, 별도 식대 지원 • 명절, 생일 등 상품권 지급• 경조 휴가 및 경조금 • 개인 연금 지원추가 제출 서류 있으시면 이력서에 추가 부탁드립니다 • (Optional) github 링크• (Optional) 프로젝트 포트폴리오",https://www.wanted.co.kr/wd/266704?client_id=ubRphx9ewFwQvQV3kyJjjFSp,2025-02-19 16:04,,2025-02-19 17:48
직행,6dc875fb-f9dc-4c18-a02b-200f6b4fd7c1,0,임시,ONE [SEP] TWO [SEP] ZERO [SEP] THREE,코어16,,https://d2juy7qzamcf56.cloudfront.net/2025-02-19/5f05044b-2a7b-4dfd-8eee-b75889602818.png,백엔드 개발자,text,"직무백엔드 개발자포지션 상세주식회사 코어16은 연금 투자의 새로운 패러다임을 제시하는 혁신적인 투자 전략, 'SellSmart'를 연구 및 개발하는 금융/Quant 특화 알고리즘 개발 스타트업입니다. 코어16은 전통적인 '매수' 전략에 집중하는 대신, '매도'에 주목하여 성공적인 자산 관리를 위해 가장 중요한 요소는 ""언제, 어떻게 파느냐""라고 믿습니다. 이러한 차별화된 접근 방식을 통해 자산 가치를 극대화하고자 합니다.빠르게 성장하는 연금 시장 속에서, 금융 공학과 다양한 기술적 방법론의 융합을 통해 코어16은 Market Changer로 자리매김할 것입니다. SellSmart 엔진을 개발하는 과정에서 AI Quant, Machine Learning, Histo-probability, Tech-Statistic, NLP 등 최신 기술들을 접목했으며, 이를 통해 시장에 혁신적 Impact를 제공하고자 끊임없는 연구와 개발을 이어가고 있습니다.현재 SellSmart 전략을 기반으로 한 S&P500 ETF의 미국 상장을 준비 중이며, 이는 코어16이 한국을 넘어 글로벌 Top Tier Quant Investment Firm으로 도약하는 첫걸음이 될 것입니다.주식회사 코어16은 글로벌 시장에서 함께 성장하며 성과를 공유할 열정과 역량을 갖춘 인재를 찾고 있습니다. 최고의 동료들과 함께 미래 금융 시장의 선두에서 혁신을 이끌어 갈 기회를 놓치지 마시길 바랍니다.주식투자 전략 개발 Research 팀은 이러한 코어16의 핵심 경쟁력을 바탕으로, 시장의 흐름을 예측하고 최적의 투자 전략을 수립하는 역할을 담당합니다. 이 팀에 합류하시면, 금융 시장의 미래를 함께 만들어 나갈 수 있는 기회를 얻게 됩니다.주요업무• 자사 솔루션 백엔드 설계 및 개발 업무• 데이터베이스 설계 및 최적화• API 설계 및 개발• 자사 솔루션 기초 화면 개발• 기술 문서 작성 및 유지보수자격요건• 백엔드 및 API 프레임워크 개발 경험• 데이터베이스 설계 및 최적화 경험이 있으신 분• 클라우드 환경에서의 개발 경험이 있으신 분우대사항• Typescript에 대한 이해가 높으신 분• 커뮤니케이션이 원할한 분• 문제를 정의하고 해결해가는 힘이 있는 분혜택 및 복지• 사무실에 다양한 간식을 매달 구비해 놓고 있으며, 저녁까지 근무하시는 날에는 저녁 식사 비용을 지원• 영어호칭제도 : 영어 호칭제를 통한 수평문화, 상호존중 커뮤니케이션 지향",https://www.wanted.co.kr/wd/267114?client_id=ubRphx9ewFwQvQV3kyJjjFSp,2025-02-19 16:02,,2025-02-19 17:48
직행,b15eac21-fbe8-44d0-a0f7-70560125b764,0,임시,FOUR,세이프닥,"서울특별시 강남구 테헤란로 123, 5층(역삼동, 스타타워)",https://d2juy7qzamcf56.cloudfront.net/2025-01-23/b9171c25-95aa-44c7-bf41-da874602e937.png,헬스케어 플랫폼 프론트엔드 개발자(4년 이상),text,"직무헬스케어 플랫폼 프론트엔드 개발자(4년 이상)포지션 상세[회사 소개] 인류의 행복하고 건강한 삶을 위해!세이프닥은 검증된 의료기관과 협약을 통해 기업의 임직원에게 의료복지를 제공해주는 임직원 의료 복지 전문 플랫폼 입니다. 서울 본사와 부산 지사가 있어 전국적인 영업망을 갖추고 있습니다.세이프닥 플랫폼에는 전국 15개 진료과, 500여개의 병원이 제휴되어 있으며 관공서, 대기업, 금융권, 대학교 등 1600여개 기업과 학교의 800만 임직원 및 학생에게 의료 복지를 제공하고 있습니다.2018년 설립 이후 영업적 성장과 기술 고도화를 통해 재무적 성과가 매년 증가하며 수익을 창출하는 구조를 유지하고 있습니다. 여기에서 성장을 멈추지 않고 더 나은 의료 복지 서비스를 제공하기 위해 인프라 구축과 인재 확충에 재투자를 아끼지 않습니다. 더 많은 기관 및 기업의 임직원과 대학교의 학생에게 행복하고 건강한 삶을 가장 가까이에서 지원하기 위해 끊임없이 고민하고 개선해나가는 과정에서 세이프닥 구성원 모두 성장하며 성취를 느끼고 있습니다. 좋은 동료들과 함께 성장하는 경험을 하고 싶은 분이라면 언제든지 환영합니다. 지금 바로 지원하세요![대한민국 직장인을 위한 1등 의료복지 세이프닥, 세이프닥과 합류해야 하는 이유!]＜폭풍 성장 중인 스타트업＞1. 제휴 병원 수 500여개(24년 6월 기준)2. 제휴 기업, 대학교 수 1600여개(24년 6월 기준)3. 제휴 기업 임직원 등 800만 유저 확보＜안정적인 스타트업＞1. 창업 이후부터 흑자 운영 지속2. 2022 고용노동부 근무혁신 우수기업 S 등급 선정3. 국내 유일, 기업 의료복지 플랫폼 서비스 특허 보유＜구성원과 함께하는 스타트업＞1. 수평적 소통 문화2. 목표 달성 시 인센티브 지급주요업무[팀 소개]• 세이프닥 프로덕트팀은 서비스기획자, 개발자로 이루어져 있으며 세이프닥의 의료복지 플랫폼이라는 프로덕트를 개선하고 고도화하는 메이커예요.• 클라이언트와 유저가 프로덕트를 이용함에 있어 효율적이고 편리하게 서비스를 이용할 수 있도록 하여 더 많은 클라이언트와 유저(B2B, B2C)가 플랫폼 내에서의 사용성을 높이는 역할을 담당해요.• 또한 세이프닥 내 디자이너, 사업 기획자, 마케터, 영업 담당자 등 여러 내부 이해관계자들과 의견을 듣고 문제점을 파악하여 신규 서비스 제공을 위한 프로덕트를 개발하거나 기존 프로덕트의 프로세스 및 서비스를 개선해요.[직무소개]• 헬스케어 플랫폼 SafeDoc 웹 서비스 개발• 헬스케어 플랫폼 SafeDoc 컴포넌트 구현[기술스택]• 프레임워크: React, Nextjs• 언어: Javascript, TypeScript• 라이브러리: Ant Design 5, React Query 5, Zustand 4, Tailwind CSS[근무조건]• 근무형태 : 정규직(수습기간 3개월 / 수습 기간에도 급여 100% 지급)• 근무요일 : 주5일(월~금)• 근무시간 : 일 8시간 근무(시차 출퇴근제 시행, 휴게시간 제외)• 근무지역 : 서울특별시 강남구 테헤란로 19길 14(역삼동) 동복빌딩 3층• 급여 : 면접 시 협의자격요건• React/Typescript/Next.js/Node.js로 실무를 진행한 경험이 있으신 분• rest api 클라이언트 개발 경험이 있으신 분• git을 통한 버전 관리 및 Figma 협업 경험이 있으신 분• HTML/CSS 활용한 경험이 있으신 분• 능동적이고 책임감 있는 자세를 지닌 분• 플랫폼 프론트앤드 개발 경력 2년 이상자• 관련 전공 졸업자우대사항• Component 기반 개발 경험이 있으신 분• SSR, CSR에 대한 이해• 서버 사이드 개발 경험 또는 백엔드에 대한 기본 이해• CI/CD 경험혜택 및 복지[세이프닥의 복지와 혜택]자유를 존중하되 책임을 다 하는 세이프닥• 자유로운 연차, 반차, 반반차 사용• 시차출퇴근제 (9~10시 사이 자율 출근)• 정시 칼퇴, 야근 없음• 회식은 원하는 사람만충분한 보상으로 동기부여하는 세이프닥• 목표 달성 전사 성과급 지급• 영업 인센티브 월별 지급• 추석 & 설날 명절 선물• 경조금 및 경조휴가 지급• 생일 축하금과 선물(케이크와 백화점 상품권)• 워크샵 & 연말시상식 (매년 우수 사원 및 장기 근속자 시상)학습하는 세이프닥• 외부 교육비 지원• 세이프닥 도서관 운영• 개인 성과 관리 및 평가나와 가족을 생각하는 세이프닥• 500여개 협력 제휴병원 의료비 지원• 건강검진 지원• 세이프닥 문화의 날 - 홀수 달 오후 4시 조기퇴근기본에 충실하는 세이프닥• 4대 보험, 출산 휴가, 퇴직연금• 법정공휴일, 근로자의 날 휴무• 듀얼 모니터 제공• 중소기업 청년소득세 감면• 무제한 간식 제공 (과자, 컵라면, 음료, 커피 등)젊고 활기찬 세이프닥• 2030 젊은 분위기• 노래와 함께하는 업무 환경• 직급이 아닌 ""님"" 호칭• 자율 복장[채용 절차 사전 안내사항]• 제출하신 지원서 내용 중 허위 사실이 있는 경우 합격이 취소될 수 있습니다.• 국가유공자 및 장애인 등 취업보호 대상자는 관계법령에 따라 우대합니다.• 해당 공고는 수시채용으로 채용 완료 시 조기에 마감될 수 있습니다.",https://www.wanted.co.kr/wd/267060?client_id=ubRphx9ewFwQvQV3kyJjjFSp,2025-02-19 16:08,,2025-02-19 17:47
직행,b0e6c0c5-e893-4245-acda-40267640f19c,0,임시,FIVE [SEP] NINE [SEP] EIGHT [SEP] SEVEN [SEP] SIX [SEP] TEN,코인원,"서울특별시 강남구 테헤란로 123, 5층(역삼동, 코인원빌딩)",https://d2juy7qzamcf56.cloudfront.net/2024-10-06/9f2cfff7-d011-4157-a33f-03660de8ee44.png,보안 담당자,text,"직무보안 담당자포지션 상세Bringing Blockchain into the world. 코인원은 블록체인을 통해 효율적이고 공정한 금융 시장을 만들겠다는 목표로, 가상자산 업계를 선도하는 블록체인 기반 종합 금융 기업으로 발돋움하기 위한 여정을 계속해 나가고 있습니다.현재 국내 대표 전문 가상자산 거래소 코인원을 중심으로 가상자산 관리, 거래매칭 엔진 등의 블록체인 기반 금융 및 기반 서비스를 제공하고 있으며, ‘11년 연속 보안 무사고', ‘다크코인 거래지원 0건', ’국내 최초 이더리움 거래지원', ‘국내 최초 스테이킹 서비스' 등의 기록을 쓰며 가장 안전하고 혁신적인 거래소로 자리매김 하고 있습니다.---------------------------------------------------------------------------------------주요업무• 보안솔루션 구축 및 고도화• 보안솔루션 정책 튜닝과 이슈 대응• 사내 엔드포인트/네트워크 보안 솔루션 운영• AWS 보안 서비스를 운영하고 구축 및 관리 (GuardDuty, Identity Center, Security Group 등등)자격요건• 5년 이상의 보안 업무 경력 또는 이에 준하는 경험이 있는 분 • Cloud Native Security 서비스에 대한 이해 또는 경험이 있는 분• 보안솔루션 구축과 운영에 경험이 있는 분• AWS 클라우드 환경/보안에 대한 경험이 있는 분• 유관 부서와 원활한 커뮤니케이션 및 협업이 가능한 분우대사항• 가상자산/블록체인 업계에 대한 규제환경 이해가 있는 분 • 클라우드 관련 자격증, 정보보안기사를 보유한 분혜택 및 복지* 코인원 Crew만을 위한 복리후생# 든든한 밥심을 위해• 점식, 석식 식대 15,000원 지원• 간식 창고 캔틴 운영• 사내 카페 운영(바리스타가 제공하는 커피 및 음료 무제한 무료!) • 매달 팀런치 비용 지원# 편안한 휴식을 위해• 3,5,7년 근속 시 리프레시 휴가 및 보상금 • 리조트 제휴 지원# 크루와 가족의 건강과 안정적인 생활을 위해• 프리미엄 종합 건강검진 및 건강검진 휴가 제공 • 직원 본인과 부양가족의 단체보험 지원# 높은 업무 집중도를 위해• 매월 소정근로시간 초과 시 분 단위로 연장수당 지급 • 선택적 근로시간제ㅣ반차, 반반차 운영 • 한강뷰 사무실(여의도 파크원 타워)• 최고급 사양의 디바이스 및 장비 지원 • 허먼밀러 의자 & 퍼시스 책상• 사내 세라잼 룸, 포커스 룸 운영 • 업무 관련 교육ㅣ도서ㅣ컨퍼런스 지원• 파크원 주차ㅣ여의도내 주차비 지원 • 반기별 워크샵 비용 지원 # 크루의 개인생활 지원을 위해• 생일 축하금ㅣ명절 선물• 경조사 휴가ㅣ비용 지원 ------------------------------------------------[지원 시 유의사항]• 본 채용은 수시 진행으로 우수 인재 채용 시, 절차 진행 중 마감될 수 있습니다.• 지원서는 수행 프로젝트 중심으로 기술해 주시고 본인 기여도와 프로젝트 성과를 명시하여 주시기 바랍니다.• 지원서 내용 중 허위사실이 있는 경우, 전형 진행과 합격이 취소될 수 있습니다.• 전형절차는 직무 별로 다르게 운영될 수 있으며, 일정 및 상황에 따라 변경될 수 있습니다.• 인터뷰 합격 안내 후, 처우협의를 거쳐 최종적으로 합류 의사를 전달하는 오퍼레터를 발송하고 있습니다.• 3개월의 수습기간이 적용됩니다. 수습기간 평가에 따라 수습이 연장되거나 종료될 수 있습니다.• 국가보훈대상자 및 장애인은 관계 법령에 의거하여 우대하고 있습니다.",https://www.wanted.co.kr/wd/258128?client_id=ubRphx9ewFwQvQV3kyJjjFSp,2025-02-19 16:07,,2025-02-19 17:47
직행,303b4ae3-d07b-4a05-8dbb-842d840c9183,0,임시,FIVE,로그프레소,"서울특별시 강남구 테헤란로 211, 10층(역삼동, 강남빌딩)",https://d2juy7qzamcf56.cloudfront.net/2024-10-15/3a02ac15-5442-487a-b3dd-3ef44877db30.png,프론트엔드 개발자,text,"직무프론트엔드 개발자포지션 상세[회사 소개]로그프레소는 보안운영(SecOps) 플랫폼 전문 기업입니다. 클라우드와 온프레미스 보안 운영 업무를 완벽하게 통합할 수 있는 로그관리, 보안관제, 보안운영자동화 플랫폼을 공급하고 있습니다.로그프레소는 2013년 설립 이래 KB국민은행, BNK부산은행, NH투자증권, 하나금융그룹, KT, LGU+, LG화학, SK하이닉스 등의 200여 고객사의 선택을 받아 왔습니다.또한, 로그프레소는 2019년 프리 시리즈A(우리은행), 2023년 시리즈A(KB인베스트먼트, K2인베스트먼트, CJ인베스트먼트) 투자를 유치한 바 있고, 2022년~2024년 파이낸셜타임스 “아시아태평양지역 고성장기업 500”에 3년 연속 선정되었습니다.[로그프레소 DNA]• (혁신) 고객이 직면하는 진화하는 보안 위협에 신속하게 대응• (헌신) 고객에게 10년 이상 지속적이고 신뢰성 있는 서비스 제공• (무결성) 주어진 자원 하에서 최대한 투명하고 합리적인 개발 과정 추구• (공정) 과정의 공정함 추구, 능력 이외의 다른 요건으로 차별하지 않고 기회를 제공[채용 안내]• 이력서 등 별도의 문서를 올려주실 때는 반드시 PDF로 제출해 주세요. (PDF 형식 이외의 파일은 검토하지 않습니다.)• 이력서에는 직무와 무관한 개인정보(현재 연봉, 주소, 사진 등)는 기재하지 말아주세요.• 이력서에는 자격 요건과 관련된 경험 및 학습 내역을 반드시 기재해 주세요.• 외국인 지원자의 경우 한국어 소통 능력을 반드시 기재해 주세요. (If you are a foreign applicant, please be sure to include your ability to communicate in Korean.)• 입사 후 최초 3개월은 수습 기간이고, 해당 기간 동안 고용 형태 및 연봉의 변동은 없습니다.주요업무• Javascript / Angular2+ 프레임워크 기반의 로그프레소 소나 (정보보호통합플랫폼) 프론트엔드 기능 설계 및 개발• 매일 1TB 이상 보안 관련 빅데이터를 수집, 분석하고 위협에 자동으로 대응하는 솔루션• 데이터 수집 및 관리 설정, 대시보드, 보고서, 플레이북 기능 등의 프론트엔드 설계 및 개발• 로그프레소 클라우드 (SaaS) 등 웹서비스 설계 및 개발• 개인의 역량 혹은 관심에 따라 연구소 내부 개발 프로젝트 매니징 업무도 선택할 수 있음자격요건• 관련 경력 5년 이상• Javascript or Typescript 기반 공용 컴포넌트 개발-배포 경험 (프레임워크 무관) 이 있으신 분• 용도와 맥락이 다른 여러 곳에 재사용 할 수 있는 컴포넌트 개발 경험이 있으신 분• 본인 저작물의 실사용자로부터 피드백을 수용해본 경험이 있으신 분• 웹 표준/웹 접근성, 크로스브라우징 개념 이해도가 높으신 분• 컴퓨터공학 학부 전공, 혹은 그에 준하는 기술 혹은 경험이 있으신 분• Git 혹은 기타 버전관리 시스템을 사용한 프로젝트 경험이 있으신 분• 다양한 분야의 사람들과 협업하기 위한 유연하고 친화적인 커뮤니케이션 능력을 보유하신 분• 문제의 근원적 해결에 대한 끈기와 의지가 있으신 분• 기록과 공유의 중요성을 이해하고 실천하시는 분• MS PPT로 포트폴리오를 작성한 후 반드시 PDF로 변환하여 제출해 주세요.※ MS PPT 외 양식으로 작성하여 변환한 파일은 검토하지 않습니다.• (모국어가 한국어가 아닌 경우) TOPIK 6급 또는 한국어로 동료들과 업무 회의 진행에 무리가 없으신 분우대사항• 프론트엔드 SDK 혹은 웹 프레임워크 자체 개발 경험이 있으신 분• 정보보안분야 domain-knowledge 보유자 (혹은 보안관제, SIEM 관리 및 운영을 해보신 분)• 1개 이상의 백엔드 프로그래밍 언어 사용 경험 (JAVA 혹은 기타 객체지향 언어 선호) 이 있으신 분• RESTful API 설계 및 문서 작성 경험이 있으신 분• Angular2+ 프레임워크 사용 경험이 있으신 분• ES6, Vue, React, LESS, Webpack 사용 경험이 있으신 분• SEO 이해도 및 SSR 개발 경험이 있으신 분• Canvas, WebGL 사용 경험이 있으신 분• 컴퓨터공학 유관 학과 석/박사 학위 혹은 그에 준하는 경험 및 실력이 있으신 분• 4~5인 이상 규모 프로젝트 관리 경험이 있으신 분혜택 및 복지• 자율 재택근무 : 재택근무를 시행하고 있으며, 재택 업무에 필요한 모니터 등 장비를 지원합니다. (담당 업무에 따라 달라질 수 있습니다.)• 재택비용 지원 : 효율적인 재택 업무 환경 조성을 위해 매월 재택비용을 지원합니다.• 유연근무제 : 팀별로 Core-time (11시-4시) 을 제외한 자유로운 출퇴근(업무시작/종료) 시간을 정할 수 있습니다.• 백신휴가 : 코로나19 백신 접종을 위한 백신휴가를 지급하며, 개인별 이상 반응에 따라 자유로이 사용 가능합니다!• 역세권 초 근접 사무실 : 환승이 자유로운 공덕역 2분 거리에 위치하고 있어 사무실 업무가 필수인 분들에게도 출퇴근이 편리합니다.• 임직원 종합건강검진 : 임직원에게 매년 50만원 상당의 종합 건강검진 프로그램을 제공하며, 소중한 1인에게도 추가 지원합니다.• 리프레시 휴가 : 입사 후 근속 만 4년부터, 3년 단위로 10일의 리프레시 유급 휴가를 제공합니다.• 개인의 성장을 위한 외부교육 적극 지원 : 별도 승인 없이 연간 60만원까지 교육비 지원하며, 그 이상은 협의하여 지원합니다.• 경조금/경조휴가 지원 : 친가/외가, 본인/배우자 동일한 경조 휴가 및 경조금 제도를 운영합니다.• 업무용 최신 device 지원 : 맥북/레노버/LG 그램 랩탑과 27인치 4K 모니터 등 업무 최적의 환경을 제공합니다.• 타운홀 미팅 개최 : 매월 마지막 금요일에 주요 이슈사항을 공유하고, 구성원의 의견을 수렴하고자 타운홀 미팅을 개최합니다.• Family Day : 매월 마지막 금요일은 Family Day 입니다. 타운홀 미팅 종료 후 조기 퇴근하시어 가족 분들과 즐거운 시간 보내세요!",https://www.wanted.co.kr/wd/160283?client_id=ubRphx9ewFwQvQV3kyJjjFSp,2025-02-19 16:06,,2025-02-19 17:43
직행,1a3eac8f-8739-46ef-ab7e-7d251c8e2c2b,0,임시,FIVE [SEP] NINE [SEP] EIGHT [SEP] SEVEN [SEP] SIX [SEP] TEN,패스트파이브,"서울특별시 강남구 테헤란로 123, 8층(대치동, 패스트파이브 빌딩)",https://d2juy7qzamcf56.cloudfront.net/2024-10-12/36bfc264-8b22-46e7-830b-f9c8c5e17ce8.png,DevOps 엔지니어,text,"직무DevOps 엔지니어포지션 상세[회사소개]패스트파이브는 아시아 최초/최대의 공간 플랫폼이라는 비전을 갖고, 전통산업인 부동산 시장의 혁신을 통해 새로운 고객경험을 제공합니다. 패스트파이브는 공간은 물론 서비스, 커뮤니티, 인프라를 모두 갖춤으로써 일하는 공간을 WaaS(Workplace as a Service)로 새롭게 정의하고 있습니다[팀 소개]패스트파이브 디지털서비스그룹은 오프라인 공간을 기반으로, 고객과 구성원들에게 탁월한 온라인 경험을 제공한다는 목표를 가지고 있습니다. 패스트파이브 디지털서비스그룹에서는 경력과 직군에 상관없이 누구나 자유롭게 의견을 개진하고, 가장 좋은 의견을 반영합니다.패스트파이브가 고객에게 줄수 있는 공간을 기반으로한 서비스에 디지털 기술을 접목하여 고객이 누릴 수 있는 가치를 극대화 하는 것이 목표 입니다. 공유오피스와 공간 서비스는 역사가 길지 않기 때문에 정답이 없는 서비스입니다. 따라서 기존의 서비스를 따르기보다 새로운 도전과 시도를 두려워하지 않는 분들을 찾고 있습니다. 패스트파이브에서는 오프라인 공간을 매개로 다양한 온라인 서비스를 만들어나갈 수 있습니다. 오프라인과 온라인을 잇는 멋진 서비스를 함께 만들어나가실 여러분을 기다립니다.-------------------------------------------------------------------------------------------• 본 포지션은 정규직이며, 3개월간의 수습기간이 진행됩니다. • 입사지원서는 경력/경험 위주의 자유로운 양식으로 제출 부탁드립니다. (PDF 형식) • 각 전형별 결과는 1~2주 이내로 발표됩니다. -------------------------------------------------------------------------------------------주요업무• Public Cloud(AWS) 기반의 안정적인 Infra 운영 및 개발을 수행하게 됩니다.• CI/CD 개발을 통한 배포 환경을 구성합니다.• 반복적인 업무를 자동화하여 업무의 효율성을 높입니다.• 개발 환경을 효율적으로 개선하여 생산성을 증대시킵니다.• 서비스 장애 및 이슈 발생 시 개발팀과 협업하여 빠르게 대응합니다.• 서비스 내에 발생할 수 있는 모든 이슈를 파악하기 위한 Observability 환경을 구축합니다.자격요건• AWS 기반의 Infra 운영 및 구축, 장애 대응 경험이 있으신 분• CI/CD Pipeline 구성에 대한 경험이 있으신 분• IaC(Terraform)를 활용하여 Infra 구축 및 운영 경험이 있으신 분• 하나 이상의 Programming Language에 익숙하신 분(Python, NodeJS, Go 등)• Monitoring & Observability 환경 구축 및 운영 경험이 있으신 분 (Prometheus, Grafana, Loki, Datadog, EFK 등)• 새로운 것에 도전하고 배우는데 거부감이 없으신 분우대사항• Container Orchestration(K8S, EKS) 기반 Architecture 이해 및 운영 경험이 있으신 분• CNCF 생태계의 다양한 오픈소스들을 활용한 경험이 있으신 분• 개발자들과의 적극적인 커뮤니케이션으로 문제 도출 및 해결 경험이 있으신 분• Vault, WAF, Firewall 등 Public Cloud 기반의 Security 환경 경험이 있으신 분 (DevSecOps)• DBMS 구축 및 운영 경험이 있으신 분 (Mysql, Redis, MongoDB 등)혜택 및 복지Work & Life•교육비/통신비 지원•복지카드/복지포인트 제공•업무 관련 이동 택시비 및 야근 택시비 지원Wellness & Family•종합건강검진 지원•전문 심리상담 지원•임직원 출산선물 지급 Refreshment & Fun•자유로운 연차 사용•리프레시 휴가 10일 제공 (3년 단위 근속 시)•근속 기념 복지 포인트 지급•생일반차 & 복지포인트 지급•금요일 1시간 조기 퇴근",https://www.wanted.co.kr/wd/267042?client_id=ubRphx9ewFwQvQV3kyJjjFSp,2025-02-19 16:07,,2025-02-19 17:43
